{
  "folds": [
    {
      "fold": 1,
      "accuracy": 0.9375,
      "roc_auc": 0.9913419913419913,
      "log_loss": NaN,
      "brier": 0.039667665492498824
    },
    {
      "fold": 2,
      "accuracy": 0.78125,
      "roc_auc": 1.0,
      "log_loss": NaN,
      "brier": 0.14066674914470123
    },
    {
      "fold": 3,
      "accuracy": 0.9375,
      "roc_auc": 0.8982683982683982,
      "log_loss": NaN,
      "brier": 0.06178032576468992
    }
  ],
  "summary": {
    "accuracy_mean": 0.8854166666666666,
    "roc_auc_mean": 0.9632034632034632,
    "log_loss_mean": NaN,
    "brier_mean": 0.08070491346729666,
    "n": 96,
    "splits": 3,
    "seasons": [
      2023,
      2024,
      2025
    ]
  }
}